{
  "private": true,
  "engines": {
    "node": ">=4"
  },
  "devDependencies": {
    "babel-core": "^6.4.0",
    "babel-preset-es2015": "^6.3.13",
    "babel-register": "^6.5.2",
    "browser-sync": "^2.2.1",
    "del": "^2.2.0",
    "gulp": "^3.9.0",
    "gulp-autoprefixer": "^3.0.1",<% if (includeBabel) { %>
    "gulp-babel": "^6.1.1",<% } %>
    "gulp-cache": "^0.4.2",
    "gulp-cssnano": "^2.0.0",
    "gulp-eslint": "^3.0.0",<% if (includeSass) { %>
    "gulp-filter": "^4.0.0",<% } %>
    "gulp-htmlmin": "^3.0.0",
    "gulp-if": "^2.0.2",
    "gulp-imagemin": "^3.0.1",
    "gulp-load-plugins": "^1.2.4",<% if (includeBabel || includeSass) { %>
    "gulp-plumber": "^1.0.1",<% } if (includeSass) { %>
    "gulp-sass": "^2.0.0",<% } %>
    "gulp-size": "^2.1.0",
    "gulp-sourcemaps": "^2.2.0",
    "gulp-uglify": "^2.0.0",
    "gulp-useref": "^3.0.0",
    "main-bower-files": "^2.5.0",
    "run-sequence": "^1.2.2",
    "wiredep": "^4.0.0"
  },
  "eslintConfig": {
    "env": {<% if (includeBabel) { %>
      "es6": true,<% } %>
      "node": true,
      "browser": true<% if (includeJQuery) { %>,
      "jquery": true<% } %>
    },
    "rules": {
      "quotes": [
        2,
        "single"
      ]
    }
  }
}
